{
    "rmse": 3.824839955288585,
    "mae": 2.1564538370683644,
    "r2": 0.12186777150105843,
    "baseline_rmse": 4.42470645913729,
    "train_rows": 122199,
    "test_rows": 59388,
    "features": [
        "log_views",
        "log_likes",
        "log_comment_count",
        "like_ratio",
        "comment_ratio",
        "title_length",
        "publish_hour",
        "publish_dow",
        "log_hours_to_trending"
    ]
}