{
    "rmse": 3.6466107820680906,
    "mae": 2.0607159436872964,
    "r2": 0.08357546329704535,
    "baseline_rmse": 3.8095073389222316,
    "train_rows": 119872,
    "test_rows": 29870,
    "features": [
        "log_views",
        "log_likes",
        "log_comment_count",
        "like_ratio",
        "comment_ratio",
        "title_length",
        "publish_hour",
        "publish_dow",
        "log_hours_to_trending"
    ]
}