{
  "rmse": 2.5532135058344596,
  "mae": 1.2799248821348073,
  "r2": 0.38980529746465387,
  "model_name": "gradient_boosting"
}