{
  "rmse": 2.765724030948758,
  "mae": 1.4207541096716945,
  "r2": 0.2840019273238775,
  "model_name": "linear_regression"
}