{
  "rmse": 3.52541180302179,
  "mae": 2.6805326626893127,
  "r2": -0.1633593246708669,
  "model_name": "mean_baseline"
}