{
  "rmse": 2.658770527543968,
  "mae": 1.3179711986485658,
  "r2": 0.33830800790892,
  "model_name": "random_forest"
}