{
  "auc": 0.9955260803836661,
  "accuracy": 0.9817737998372661,
  "f1": 0.9816985747780476,
  "tp": 4830,
  "tn": 1203,
  "fp": 70,
  "fn": 42,
  "feature_importances": {
    "publish_hour": 0.6013623817626976,
    "publish_day_of_week": 0.18206326430946074,
    "description_length": 0.10432297796656045,
    "title_length": 0.07235884849070574,
    "tag_count": 0.03989250878177523,
    "is_english": 1.8688800290365977e-08
  }
}